CustomerID,ProductID,Quantity,Price,TransactionDate,PaymentMethod,StoreLocation,ProductCategory,DiscountApplied(%),TotalAmount
109318,C,7,80.07984415,12/26/2023 12:32,Cash,"176 Andrew Cliffs
Baileyfort, HI 93354",Books,18.6770995,455.8627638
993229,C,4,75.19522942,8/5/2023 0:00,Cash,"11635 William Well Suite 809
East Kara, MT 19483",Home Decor,14.12136502,258.3065464
579675,A,8,31.52881648,3/11/2024 18:51,Cash,"910 Mendez Ville Suite 909
Port Lauraland, MO 99563",Books,15.94370066,212.0156509
799826,D,5,98.88021828,10/27/2023 22:00,PayPal,"87522 Sharon Corners Suite 500
Lake Tammy, MO 76234",Books,6.68633678,461.3437694
121413,A,7,93.18851246,12/22/2023 11:38,Cash,"0070 Michelle Island Suite 143
Holand, VA 80142",Electronics,4.030095691,626.0304837
463050,D,3,54.09315249,8/15/2023 4:24,Cash,"8492 Jonathan Drive
North Robertshire, TN 67532",Electronics,10.88876836,144.6092233
888163,D,7,13.12193739,12/26/2023 5:32,PayPal,"USNV Harrell
FPO AA 62814",Clothing,16.29512671,76.88590745
843385,A,8,56.02516419,10/11/2023 6:48,Debit Card,"489 Juan Loop Apt. 093
North Brettville, WV 72610",Home Decor,6.344305684,419.7660521
839609,B,5,23.85798105,2/27/2024 11:13,Credit Card,"528 Justin Expressway Apt. 336
Cabreraborough, SD 17915",Electronics,18.70399725,96.97792465
184135,D,4,63.3427768,11/5/2023 1:46,Debit Card,"189 Wright Mews
Martinfurt, MO 75932",Books,7.640606649,234.0120175
266491,C,8,98.79272609,9/25/2023 4:38,Debit Card,"388 Matthew Lane Apt. 592
West Andreachester, IN 96537",Books,14.17495322,678.3112271
65632,D,8,78.12314235,12/29/2023 5:07,PayPal,"PSC 1498, Box 4142
APO AP 10928",Electronics,14.70431078,533.0853817
26863,B,3,39.003285,12/27/2023 15:34,Credit Card,"623 William Track Apt. 920
Port Dave, NE 02045",Electronics,14.3684358,100.1973691
632732,D,6,45.47433964,2/8/2024 8:03,Cash,"5370 Nichols Fork Suite 983
Georgeshire, MT 20848",Books,10.57461814,243.9936112
798425,D,5,95.01176197,10/27/2023 17:50,Cash,"1573 Petty Parkway Apt. 835
Jordanmouth, IN 05999",Clothing,16.24839531,397.8693765
780621,B,2,19.91484964,9/23/2023 18:51,Cash,"419 Kerr Passage Apt. 443
Martinezfort, MN 45678",Clothing,14.46467762,34.06846168
633299,D,8,90.11467295,2/28/2024 21:34,Credit Card,"1250 Gary Way Apt. 756
South Thomasport, ND 39813",Clothing,15.17441385,611.5223964
271379,D,6,16.70799791,2/1/2024 2:35,PayPal,"73061 Larry Pass Apt. 190
Fischerstad, PW 81056",Clothing,18.3335909,81.86893153
246231,B,2,47.31868527,4/28/2024 21:20,Credit Card,"103 Noah Court Apt. 298
South Caseymouth, FM 01144",Electronics,6.904600086,88.10303858
818911,B,5,77.09057502,4/6/2024 18:59,Credit Card,"44623 Elizabeth Throughway Apt. 440
Amberview, VA 51707",Books,19.25257426,311.2432741
35935,B,1,45.55602032,1/21/2024 21:44,Credit Card,"9990 Frank Views
Davisstad, MS 73745",Home Decor,18.39618315,37.17545138
274967,D,6,61.40081305,4/24/2024 12:16,Credit Card,"12858 Kidd Roads
Cantuberg, AR 21025",Books,15.43425899,311.5443153
175504,C,9,54.17017953,11/28/2023 21:59,Cash,"90868 Garcia Bypass Apt. 888
New Joshua, WY 53394",Books,11.00572372,433.8752331
589752,A,1,64.4179452,10/22/2023 23:46,Debit Card,"78412 Hernandez Lock Suite 138
South Lauren, PA 69595",Clothing,0.111047537,64.34641065
86522,B,3,25.38440527,8/2/2023 11:16,Debit Card,"5446 Brooke Row Apt. 988
West Mary, OH 86664",Clothing,15.14174264,64.62229185
609241,A,7,62.02823758,6/12/2023 7:02,PayPal,"Unit 7268 Box 3644
DPO AP 43969",Clothing,18.38875557,354.3541161
869542,A,4,98.85379367,3/24/2024 15:55,Cash,"750 Alyssa Junctions Suite 666
Port Richard, NV 18166",Home Decor,8.930830423,360.101316
418277,A,9,27.45019354,11/29/2023 11:40,Credit Card,"71524 Margaret Dam
North Rhondaborough, VA 49112",Clothing,4.398935343,236.1840955
284956,B,3,16.02541232,3/17/2024 10:12,PayPal,"942 Howell Island
Bowenfurt, NJ 02752",Home Decor,14.79229223,40.96465951
237711,D,5,45.26114439,5/3/2023 16:18,Credit Card,"44122 Jones Radial Suite 913
Scottshire, IN 05723",Books,12.03191072,199.0768195
47999,D,3,43.69259776,3/12/2024 18:31,PayPal,"257 Martin Falls
Whitakerborough, SC 38376",Home Decor,19.97503164,104.8949626
43807,C,7,21.31634724,9/25/2023 8:00,Debit Card,"4565 Wright Land
North Daniel, IA 65963",Home Decor,3.594113899,143.8514941
628270,A,5,61.43280267,6/4/2023 0:37,Debit Card,"6472 Jones Courts Apt. 861
West Dawnport, KS 09150",Books,6.323547799,287.7403501
550741,D,9,49.3833028,10/3/2023 13:19,Cash,"4314 Thomas Walk
Daleshire, IL 52627",Clothing,17.0641798,368.608025
101274,D,7,85.31977157,12/16/2023 23:10,Credit Card,"70323 Stacey Underpass Suite 300
Bishopberg, IL 77977",Books,13.2077957,518.3563731
140471,B,2,48.06615492,6/20/2023 16:12,Credit Card,"21894 Raymond Ports
North Gabriela, WA 85466",Electronics,16.51721833,80.25392634
635224,B,4,98.70968076,12/23/2023 10:49,PayPal,"13996 Peter Mountain Apt. 674
Craigport, FM 62580",Books,13.84911501,340.1570542
2398,C,9,80.18639604,4/20/2024 11:19,Credit Card,"49823 Robin Rue
Leonardchester, VT 82863",Electronics,4.456275585,689.5176233
857878,C,2,53.87055008,1/15/2024 19:14,Debit Card,"265 Williams Passage
North Andrew, GU 20893",Books,12.07332915,94.73316251
939765,B,9,59.69753447,7/9/2023 5:55,Debit Card,"763 Castro Greens Suite 106
Lake Katrina, OK 64411",Books,18.77811951,436.3871409
11882,D,5,88.00755476,5/28/2023 7:45,Debit Card,"711 Megan Garden Apt. 572
Nathanview, ND 02023",Electronics,13.07468591,382.504217
147124,C,2,79.67386347,5/25/2023 10:49,Cash,"USNS David
FPO AE 12953",Clothing,12.91378242,138.7699082
895908,B,4,69.19620564,10/8/2023 19:08,Debit Card,"53378 Lauren Union Suite 356
Mullinsborough, MP 94292",Electronics,16.51074194,231.0855948
589251,A,7,34.01289338,12/13/2023 3:37,PayPal,"991 Dennis Overpass Suite 417
South Julie, VA 10018",Clothing,14.11085151,204.4936915
608105,B,8,46.93122876,10/24/2023 3:23,Cash,"55336 Meagan Loaf
Martinstad, NH 88472",Home Decor,16.11718005,314.9379049
800568,D,3,80.84663037,3/25/2024 14:42,Credit Card,"6238 Scott Fork Suite 235
North Andrewmouth, MD 44878",Electronics,5.868724608,228.3058928
985370,A,1,66.47187502,12/19/2023 21:54,PayPal,"602 Smith Plains
Port Jacquelinechester, DC 13268",Electronics,10.5145845,59.48263356
240172,B,4,96.08493944,12/27/2023 5:26,PayPal,"8369 Gentry Tunnel Suite 510
East Edwardstad, RI 25668",Clothing,17.4431825,317.2986724
232632,D,2,88.55958357,8/12/2023 2:00,Credit Card,"3811 William Station Suite 818
Garciafort, OH 36967",Home Decor,12.84060049,154.3760025
138129,B,8,48.43840968,1/6/2024 3:16,Cash,"2059 Moore Station
Clarkehaven, WI 88632",Clothing,6.596179738,361.9466009
201514,B,4,36.44356796,6/16/2023 14:07,Cash,"0894 Leonard Cliff
North Ellenstad, MN 82818",Books,5.640954187,137.5512119
143001,A,2,21.16617709,6/26/2023 9:23,PayPal,"31207 Johnson Crest
Georgeland, WV 31249",Home Decor,15.30872409,35.85181088
391352,D,6,46.6865179,5/8/2023 0:15,Cash,"5091 Sullivan Mountains
Joshuaside, FM 03816",Home Decor,13.83077927,241.376452
94047,A,6,30.40141062,3/29/2024 18:32,Cash,"9919 Smith Island Apt. 355
Peterview, OK 37147",Electronics,9.811217151,164.5119732
182358,C,4,11.50353148,11/27/2023 10:44,Credit Card,"00172 Tamara Lake
Woodsville, TX 24419",Books,3.970779906,44.18700627
91439,D,6,22.43927871,4/26/2024 13:07,PayPal,"18886 Kara Brooks Apt. 597
East Kellyfort, WV 95330",Electronics,5.872273942,126.7294968
370994,D,2,50.77103606,10/1/2023 9:48,Credit Card,"728 Richard Flats
Janeport, WV 96023",Clothing,17.63195806,83.63821655
194267,C,2,90.31749132,5/20/2023 13:23,PayPal,"46843 Christina Points Apt. 345
Snyderhaven, ME 39116",Clothing,6.837288023,168.2844486
597183,D,4,38.88635212,5/19/2023 19:02,Cash,"60674 Robles Overpass
Jonfort, DC 58160",Clothing,10.30417712,139.5177341
173860,D,8,49.70081448,8/24/2023 3:49,Cash,"91529 Cody Mills Suite 147
Churchmouth, FL 72882",Clothing,6.426451838,372.0545246
667324,A,7,44.56655375,3/15/2024 13:29,PayPal,"1347 Chang Rue Suite 808
Kennethmouth, AL 49384",Electronics,15.72327504,262.9146235
74054,A,9,43.20773421,4/16/2024 5:10,Debit Card,"454 Mendoza Springs Suite 108
Davidtown, FL 92203",Home Decor,3.940537885,373.5460537
766020,B,8,75.03749694,9/7/2023 17:20,PayPal,"68293 Ryan Station
Martinchester, OH 22553",Home Decor,16.61582338,500.5551919
301389,A,5,55.54281545,3/31/2024 20:19,Debit Card,"15068 Regina Isle
Ariasshire, AZ 83493",Electronics,9.025839192,252.6480512
604511,D,2,46.75985559,10/24/2023 21:15,Credit Card,"56928 Patricia Mountains
West Andrea, OH 00781",Books,8.785967794,85.30309947
107408,D,5,94.89902096,4/24/2024 17:03,Cash,"67679 Chen Rapids Apt. 359
Williamchester, AS 53803",Books,18.44927581,386.9541942
62783,C,8,34.86587311,7/1/2023 22:17,Credit Card,"98846 Joe Hills Suite 859
Nelsonside, MS 19302",Electronics,4.863213028,265.3621714
937640,C,9,84.95648436,10/6/2023 8:15,Credit Card,"55894 Linda Courts Apt. 063
Stevenbury, MA 20451",Home Decor,15.53718329,645.809757
116855,B,9,56.35052523,12/24/2023 22:56,Cash,"6918 Ashley Walks
West Jean, MN 95503",Electronics,19.3004819,409.2714208
775212,D,1,49.7519958,2/25/2024 8:51,Debit Card,"005 Faulkner Walk
Matthewhaven, NC 85743",Books,19.15562133,40.22169188
624973,D,9,15.66692134,11/22/2023 2:05,PayPal,"47515 Grimes Grove Apt. 919
East James, GA 19407",Electronics,14.96717317,119.8982348
210377,A,7,87.26431386,3/2/2024 22:56,Debit Card,"Unit 4486 Box 3431
DPO AE 41617",Books,5.36747935,578.0629389
73098,C,9,34.35962323,1/2/2024 16:43,Cash,"696 Cruz Highway Suite 922
Amberview, MN 52354",Electronics,17.90654433,253.8630186
600510,B,8,71.14204196,9/29/2023 10:47,Cash,"28132 Wolfe Bypass
West Russellberg, MI 13911",Electronics,8.220374972,522.3511948
120603,A,1,88.70304269,3/3/2024 22:13,Credit Card,"04736 Nicholas Islands Suite 795
Jamesland, IN 70189",Clothing,7.700165198,81.87276186
449129,B,8,58.25233549,11/7/2023 10:54,Debit Card,"3011 Smith Island Suite 451
East Philliphaven, WY 63813",Clothing,7.809105877,429.6267915
300948,B,8,67.66009434,11/15/2023 0:21,Debit Card,"67274 Mendez Curve
Hawkinsfurt, NY 02451",Home Decor,1.213184505,534.7140205
268031,C,3,40.61638711,12/1/2023 17:31,PayPal,"172 Christopher Route
North Christyside, MO 24531",Electronics,7.121015695,113.1722634
70530,C,1,75.38851452,6/8/2023 19:38,PayPal,"PSC 8454, Box 4823
APO AE 17356",Books,18.43627657,61.48967949
54429,D,8,69.09431329,12/8/2023 4:16,Debit Card,"5933 Roberts Wall Apt. 225
South Dannyborough, WA 41280",Home Decor,5.371900825,523.0610825
120177,D,3,50.03074725,3/23/2024 11:50,PayPal,"42485 Kristina Walks
Catherinemouth, CT 93272",Electronics,6.031257077,141.0397928
853797,D,3,67.11419404,4/16/2024 4:11,Credit Card,"904 Elizabeth Gardens Suite 981
New Isaiah, PR 39559",Books,15.50945109,170.1154528
127138,D,1,33.63936661,5/31/2023 7:24,Debit Card,"008 Knight Pines
Myersberg, FM 97841",Home Decor,1.244171467,33.22083521
472995,B,5,69.2038385,5/19/2023 2:21,Cash,"Unit 5493 Box 4915
DPO AE 46180",Books,16.49585071,288.9403831
493821,A,7,70.54673544,12/28/2023 11:49,Credit Card,"280 Grant Junctions Apt. 423
Crosbyfort, NV 96865",Electronics,17.13967728,409.1867686
571728,A,9,50.03989495,1/11/2024 14:19,Credit Card,"4918 Benson Springs Apt. 545
Bakerville, AS 80512",Books,2.865302125,437.454907
509745,C,7,32.44361216,3/1/2024 18:51,Debit Card,"Unit 4248 Box 3478
DPO AP 26267",Books,4.70639588,216.4168113
229231,B,9,82.27593684,6/14/2023 22:16,Credit Card,"501 Wright Junction
Port William, DE 66411",Home Decor,14.37946628,634.0058662
268207,D,8,77.87144604,3/11/2024 9:34,Debit Card,"469 Walker Forks Apt. 596
Danielburgh, OH 96428",Clothing,9.412914394,564.3317879
727748,B,2,15.13826686,1/22/2024 1:18,Credit Card,"27719 Johnson Land Suite 271
Lake Rachel, MS 25472",Electronics,6.271852121,28.37763431
216500,A,1,54.48413965,7/2/2023 6:11,Credit Card,"616 Edwards Walk Suite 451
North Thomasmouth, TN 07097",Books,7.935460701,50.16057216
892466,C,7,18.28998616,10/18/2023 18:23,PayPal,"96496 Patrick Islands
Lake Nicole, IN 92062",Home Decor,15.52832487,108.1490038
867913,D,7,38.76064825,7/30/2023 12:20,PayPal,"81215 Drake Centers
South Ashleyhaven, IL 05545",Clothing,2.444920689,264.690868
199367,A,8,48.00152337,11/2/2023 17:35,Debit Card,"2959 Heather Orchard
North Rebecca, MT 87449",Books,15.65384587,323.8995111
496177,A,5,25.91976008,8/10/2023 2:46,Cash,"7455 Pena Cape
Tiffanystad, ME 78027",Electronics,5.391257854,122.6117949
497860,B,3,52.20121515,12/20/2023 7:31,Debit Card,"20633 Jeremiah Trace
North Jose, VT 92231",Home Decor,15.40578351,132.4776269
487175,D,8,73.55990778,2/14/2024 12:16,Debit Card,"98751 Isaac Court Apt. 812
East Tracy, IL 95098",Clothing,19.08665624,476.1582484
573789,B,6,49.32689403,4/2/2024 6:34,PayPal,"269 Gonzales Prairie
Anthonyburgh, ID 16216",Books,18.67648085,240.6861967
63925,B,3,31.07258121,6/7/2023 7:51,Debit Card,"065 Nancy Gateway Suite 237
Port Marcus, AL 04964",Electronics,19.7587519,74.79908093
87781,C,1,47.33364372,3/20/2024 2:48,Debit Card,"90846 Fuller Burgs
Hendersontown, VT 91293",Books,4.362300725,45.26880784
350384,A,3,63.31661184,12/29/2023 6:54,Credit Card,"319 Cory Park
Dukeland, RI 05923",Electronics,19.41658202,153.0680699
829031,D,5,94.27530854,6/19/2023 3:12,Cash,"2155 Hartman Turnpike Apt. 632
Charlestown, MO 76093",Electronics,3.902613929,452.9805361
211409,C,3,54.95003129,9/6/2023 17:42,Credit Card,"PSC 4308, Box 2125
APO AE 53765",Clothing,0.980459509,163.2338054
13104,D,1,89.90766963,6/20/2023 3:01,Debit Card,"85150 Harris Garden
Rodriguezville, NY 80407",Clothing,3.435628997,86.81877567
113126,B,5,98.61003733,1/22/2024 7:51,PayPal,"373 Wagner Extensions
Port Heidi, IN 15041",Electronics,0.433074844,490.9149103
954635,C,7,60.3116587,1/31/2024 12:14,Cash,"344 Sutton Plains Apt. 541
Tammyport, LA 57073",Electronics,0.110103223,421.7167753
123054,A,7,23.23620157,8/18/2023 14:33,PayPal,"407 Klein Club Apt. 003
Davistown, AS 09777",Books,12.08886147,142.9904655
142499,B,9,88.77816489,5/8/2023 0:23,Credit Card,"409 Hampton Hill
Lake Gail, MA 03704",Electronics,0.888264045,791.9062233
965904,D,3,87.61206739,5/24/2023 3:49,Cash,"86293 Nancy Radial
South Jamesview, FM 65253",Electronics,5.854469012,247.4485382
282062,D,7,88.17045193,7/29/2023 21:58,Cash,"85502 Colleen Fields Suite 061
Johnsonside, MD 12669",Books,9.014604013,561.5556438
477717,D,1,95.54941634,6/12/2023 9:56,PayPal,"62861 Cruz Wall Suite 673
North Teresabury, AS 87155",Electronics,4.447918859,91.29945583
425222,D,4,34.87919125,2/5/2024 18:58,Debit Card,"785 Gomez Knoll
Jeffreyport, VT 46521",Home Decor,19.06080968,112.9237399
649944,C,4,40.00875001,9/21/2023 5:43,Credit Card,"60384 Mark Divide
Port Hannahfurt, NM 16259",Books,6.147555635,150.1967594
235323,B,5,71.83872922,8/26/2023 13:42,Debit Card,"77571 Aguilar Crescent
New Timside, TN 43984",Home Decor,0.462871045,357.5310427
397000,B,7,60.7513013,4/25/2024 20:36,PayPal,"494 Lopez Spring
Debrafort, DC 31407",Clothing,8.037027267,391.0809185
986917,D,7,88.15321933,2/3/2024 6:20,Debit Card,"17681 Patterson Brook
West Curtisborough, FM 27507",Home Decor,2.265975151,603.089825
391278,C,4,32.90556652,10/26/2023 16:17,Debit Card,"274 Clinton Row
South Lisa, GU 59454",Clothing,17.0030783,109.2424291
945683,A,7,69.25684863,11/9/2023 10:42,Credit Card,"21205 Matthew Coves Apt. 355
Lake Graceton, WA 89273",Electronics,10.70596275,432.8956535
999329,D,3,94.63688687,7/1/2023 12:02,PayPal,"88318 Jeffrey Harbor
Aliciafort, ME 52389",Books,1.830624263,278.7133232
934277,A,6,29.42846622,7/4/2023 6:45,PayPal,"841 Jennifer Lodge Suite 593
West Amandabury, NM 27811",Clothing,7.311670811,163.6605219
174338,D,2,37.61916743,5/19/2023 14:02,Credit Card,"22794 James Fort Suite 378
East Victoria, AZ 38497",Clothing,7.448973926,69.63385092
545912,A,9,46.66759982,11/13/2023 22:43,Credit Card,"957 John Grove Suite 224
Carrollfurt, MA 25724",Home Decor,15.36549112,355.4720453
88220,A,5,17.8385125,2/23/2024 17:23,Cash,"92480 Kelsey Club Apt. 792
North Danabury, NV 52001",Books,19.4253636,71.86658291
173080,C,6,25.91827387,7/8/2023 4:57,PayPal,"3346 Hunt Vista
West Michaelside, HI 52847",Home Decor,6.190253151,145.8832026
400897,D,4,44.38842668,3/11/2024 10:50,Credit Card,"235 Logan Road
Port Marcusport, WY 03455",Electronics,4.343152928,169.8422777
636398,C,7,16.69540414,6/10/2023 10:41,Cash,"PSC 3555, Box 8474
APO AA 67962",Home Decor,14.88628199,99.4705544
638748,A,9,42.63801915,5/4/2023 8:33,PayPal,"490 Young Fields
Smallberg, MT 45964",Electronics,10.24981199,344.4093212
597048,D,7,31.97276084,10/16/2023 18:45,Debit Card,"780 Kristi Creek
West Hannahberg, MS 83311",Books,14.73131551,190.8392679
472957,B,1,87.80595497,6/22/2023 2:56,PayPal,"14566 Alyssa Court Suite 449
Melindafort, FM 88989",Home Decor,1.069206714,86.86712781
84596,D,1,64.76441874,2/1/2024 4:22,Cash,"5501 Harold Spurs Apt. 087
East Tracyport, UT 09987",Home Decor,19.9400979,51.85033024
562014,A,9,90.86410263,4/8/2024 6:09,Debit Card,"68754 James Branch Apt. 009
Alexisville, NE 90702",Books,9.685291703,738.5728431
469434,B,9,28.25982796,12/5/2023 4:58,PayPal,"4321 Susan Valleys
West Benjamin, ID 64991",Electronics,16.69877986,211.8670335
252922,A,4,17.34917877,8/26/2023 13:34,Cash,"Unit 1535 Box 5709
DPO AP 57706",Clothing,3.582091919,66.91086094
977032,A,9,41.86424795,5/11/2023 10:36,Debit Card,"96028 Eddie Estate
Mitchellville, NE 77272",Clothing,3.135656986,364.9637586
745071,C,3,15.07826861,5/31/2023 16:39,PayPal,"080 Thomas Route Suite 101
South Jamesmouth, WA 54676",Home Decor,7.175804257,41.9888447
638578,D,7,89.51626496,7/7/2023 16:05,PayPal,"4048 David Islands Apt. 534
Daviston, AZ 16773",Books,4.85644891,596.182673
254206,A,6,26.93368276,2/14/2024 23:43,PayPal,"3530 Ellis Avenue
Port Tracy, ME 79036",Electronics,3.244001859,156.3597216
937354,A,8,22.69652511,3/19/2024 11:20,PayPal,"50572 Steven Square Apt. 432
Thomasstad, GU 29278",Home Decor,1.904333216,178.1144611
758832,B,9,80.90037402,2/25/2024 13:48,Debit Card,"248 Cochran Village
West Dianaland, TX 12916",Home Decor,2.095020551,712.8494511
889978,D,5,74.11664449,11/21/2023 7:56,Debit Card,"8906 Williams Prairie Apt. 061
Nicolemouth, KS 94341",Electronics,3.302831309,358.3434838
381440,B,1,15.12604253,1/15/2024 17:11,Cash,"505 Dennis Courts
North Christopherburgh, DE 62352",Books,2.023900944,14.81990641
330581,D,3,55.86087198,12/1/2023 0:32,PayPal,"30842 Simon Mountains
New Davidbury, KS 13404",Home Decor,11.0954571,148.9885587
630099,D,8,50.39649003,8/1/2023 17:31,Debit Card,"031 Khan Parkway Apt. 597
North Tanyaland, OR 29820",Books,16.96378135,334.7787172
933612,A,6,44.8171824,1/24/2024 23:06,Debit Card,"271 Cooper Haven
Anthonystad, OH 91347",Clothing,17.09178318,222.9427605
402432,D,8,21.40301423,5/8/2023 21:06,Cash,"68018 Griffin Square
North Michaelborough, MP 69490",Electronics,18.96759544,138.7470166
517772,A,9,80.86168186,2/1/2024 23:37,Cash,"03368 Ashley Divide
Gailport, WV 40464",Clothing,8.312041384,667.2638286
35839,B,4,31.59602153,12/30/2023 9:31,Debit Card,"7700 Anthony Manors Apt. 103
Powellborough, MO 60997",Electronics,16.37203738,105.6924363
225733,D,1,51.24117781,5/16/2023 16:23,Credit Card,"019 Marvin Cape
Terrifurt, MA 99203",Home Decor,14.22218199,43.95356425
776979,A,1,89.29578752,12/17/2023 11:19,Debit Card,"758 Ashley Ports Suite 163
West Mary, RI 71233",Clothing,18.37811716,72.88490307
221937,A,4,38.64182086,4/22/2024 20:17,Credit Card,"9425 Brandon Oval Suite 482
Crystalberg, MI 21625",Clothing,12.22981448,135.6639914
175416,D,7,13.21589879,3/7/2024 5:54,Debit Card,"00330 Bates Valleys Suite 357
Bryanttown, IL 67826",Books,3.891313774,88.91138691
646696,D,2,90.02191983,8/30/2023 4:53,Cash,"530 Anderson Drive
South Phillipfort, WV 81658",Books,16.26285021,150.7635797
688072,C,3,54.45015887,6/6/2023 11:18,Credit Card,"167 Jason Course Apt. 531
West Paula, ID 11466",Electronics,3.863419042,157.0395632
916513,D,1,54.73566233,12/9/2023 12:37,Debit Card,"459 Sutton Mountains Suite 451
Bernardport, WI 12076",Home Decor,8.686718668,49.98092933
538692,D,5,59.62741773,12/4/2023 15:19,Debit Card,"09098 Morton Trafficway
North Loretta, AZ 89521",Books,14.21054906,255.7701714
172943,A,1,26.19405865,9/9/2023 0:45,Credit Card,"Unit 9800 Box 8766
DPO AE 93292",Electronics,17.69561007,21.55886017
481676,D,8,74.33975096,6/21/2023 16:46,Credit Card,"125 Vasquez Cove
Lake Megan, OR 45416",Clothing,5.661595281,561.047481
214608,A,1,30.82432032,8/12/2023 4:28,PayPal,"636 Vega Inlet Suite 700
North Stevenview, CT 71706",Home Decor,3.030331887,29.89024111
590942,A,1,37.10333556,12/13/2023 12:16,Credit Card,"9412 Saunders Terrace Apt. 183
Harrisfort, OK 19012",Books,12.30596026,32.53741383
108361,C,2,66.80700831,5/21/2023 1:38,PayPal,"87005 Smith Harbors Suite 391
Hartchester, WA 85942",Home Decor,7.796451484,123.1968646
116067,B,2,77.47805803,8/5/2023 22:32,Cash,"30226 Nina Extension Suite 568
New Jacobport, AL 11051",Books,12.90030588,134.9663031
420390,A,6,75.75551913,1/4/2024 14:39,PayPal,"84808 Heather Drives
Everetthaven, TN 48694",Clothing,16.91507631,377.6484916
218306,C,7,17.48344175,11/29/2023 4:13,Cash,"73076 Sweeney Pines
Mccarthyborough, KS 56018",Electronics,9.863590182,110.3126269
908160,B,5,77.911939,5/2/2023 14:10,PayPal,"31900 Stewart Parkway Apt. 859
Jamesshire, VA 79536",Electronics,1.616726685,383.2615795
16642,A,1,69.64528917,2/29/2024 3:59,Cash,"2694 Terrance Spurs Apt. 300
Sheilafort, NH 73334",Electronics,18.64104368,56.66268039
147851,C,1,64.45863786,9/24/2023 1:20,Credit Card,"9442 Gray Rapids Apt. 456
West Angelaton, NJ 04734",Clothing,5.865678005,60.67770172
714511,A,3,97.01868272,9/27/2023 19:22,Debit Card,"375 Audrey Isle Apt. 650
Gibsonmouth, NC 15026",Electronics,19.43676051,234.4841811
143779,A,2,41.2143105,4/7/2024 17:30,Cash,"8659 Clay Street Apt. 193
Christineshire, FM 97293",Books,16.84075858,68.54701594
491768,B,5,71.47775954,5/14/2023 21:29,Cash,"PSC 9458, Box 9421
APO AA 84039",Home Decor,6.461854636,334.2948531
390190,A,6,61.59105202,7/4/2023 23:14,Cash,"581 Charlotte Land
Lake Jasonhaven, ME 77590",Home Decor,8.409567919,338.469064
718553,B,7,44.91639388,3/25/2024 3:43,Debit Card,"4023 Jennifer Prairie Apt. 711
Rodriguezshire, NH 07463",Books,1.527390592,309.6124157
490125,C,4,80.9415652,4/2/2024 3:47,PayPal,"9562 Peter Mill
Whitakermouth, PR 71963",Books,15.66106217,273.0610254
11452,B,7,46.2832959,3/8/2024 12:40,Credit Card,"0585 Tiffany Square
Staceyborough, WA 20704",Electronics,6.220360362,303.8301567
98927,C,8,60.27001303,1/15/2024 4:52,Credit Card,"20309 Clark Inlet Suite 305
South Juliaborough, SC 66330",Electronics,3.409486253,465.7209218
23830,C,1,60.45645023,1/14/2024 0:26,Debit Card,"610 Martinez Points Suite 875
Morrisview, KY 61533",Books,16.25173685,50.63122703
322347,A,6,56.01948781,12/19/2023 23:26,PayPal,"505 Haynes Stream Suite 207
East Natalie, AR 71209",Home Decor,16.89058253,279.3448199
99487,D,8,51.16619973,2/17/2024 21:46,Debit Card,"7089 Marshall Cliff Apt. 323
New Wendymouth, CT 55710",Books,7.345053301,379.2641207
174752,B,5,25.10012015,9/12/2023 3:14,PayPal,"1196 Corey Bypass Suite 715
Sosaville, MN 09737",Clothing,5.137626912,119.0528481
150760,B,4,31.67611866,5/24/2023 4:28,Debit Card,"0522 Peters Branch
North Brandonville, CT 86024",Books,13.14385457,110.0506228
300755,C,2,21.11526402,12/1/2023 8:06,Credit Card,"385 Jamie Extensions
Lake Crystal, ME 45133",Books,5.863023355,39.75454231
318978,B,6,75.11420555,10/9/2023 19:33,Cash,"8238 Cristian Course Suite 182
Port Gregory, NC 86391",Home Decor,10.17715166,404.8183136
447037,D,6,76.98651829,7/7/2023 15:19,Credit Card,"06505 Park Mews Suite 258
Vasquezton, MN 05747",Electronics,12.84973774,402.5637156
494205,D,1,67.46760751,8/26/2023 16:11,Cash,"88341 Hammond Vista Suite 966
East Michelleborough, MI 91511",Electronics,12.35020318,59.13522091
375520,D,9,92.58788273,10/5/2023 16:56,Cash,"731 Steven Spring
Fullerhaven, MS 22618",Books,13.99231235,716.6942728
550537,C,6,33.84677181,9/26/2023 5:22,Cash,"7636 Matthew Corners
Marshallbury, IN 29188",Electronics,7.306948304,188.2416342
372905,C,3,83.89215147,6/19/2023 9:29,Cash,"35098 Ritter View
North Davidtown, WV 13685",Home Decor,10.78425766,224.5350171
116842,D,4,26.72503098,6/14/2023 14:38,Cash,"667 Jamie Estate
North Vincentfort, NM 03983",Clothing,3.165920033,103.5157515
314341,B,4,16.10403928,2/5/2024 19:56,PayPal,"98727 Jason Shores Suite 155
Williamsmouth, AS 63873",Books,3.460433204,62.18707901
342790,D,3,10.01159423,3/24/2024 18:36,Credit Card,"04543 Breanna River Suite 442
East Antonio, HI 08553",Home Decor,11.5985811,26.55117405
16227,D,3,62.25700278,5/30/2023 21:45,PayPal,"578 Gabriela Hollow
Port Krystalville, CA 78917",Clothing,5.716587123,176.0940809
706934,A,3,80.08662747,4/1/2024 3:08,Debit Card,"982 Sharp Course Apt. 107
Charlesberg, PR 83735",Books,0.024677125,240.2005932
146849,D,4,84.06877407,8/20/2023 10:46,Credit Card,"40336 Zachary Squares Suite 465
Bethanymouth, HI 03569",Books,16.117158,282.0771077
139063,A,7,52.35890696,12/15/2023 9:12,PayPal,"125 Decker Lake Apt. 111
Lake Hunter, DE 65050",Clothing,3.151064542,354.9633081
289399,C,4,15.28484618,7/28/2023 6:41,PayPal,"675 Atkins Centers
West Eddie, KS 42906",Electronics,11.09089939,54.35847706
108890,A,9,13.2186124,9/9/2023 8:12,PayPal,"3484 Sara Glen
South Marcusland, UT 69551",Clothing,8.86460362,108.4215133
92407,D,1,92.56164203,4/15/2024 10:55,Cash,"6421 Suzanne Summit Apt. 895
Smithshire, SC 08947",Home Decor,3.726203528,89.11260686
740728,B,8,18.36463251,8/20/2023 0:26,Cash,"5744 Cheryl Throughway Suite 651
Elliottmouth, SC 56874",Home Decor,10.29563287,131.7910189
803995,C,7,80.61982972,1/9/2024 3:22,Debit Card,"48801 Fowler Grove
Lake Joanstad, AZ 85474",Clothing,13.8942628,485.9280909
326729,D,2,16.26103767,2/1/2024 15:14,Cash,"6719 Robert Field
Heatherview, CA 89879",Books,5.757405755,30.6496475
188339,B,8,26.50135055,7/16/2023 16:52,Cash,"96755 Martin Plaza Apt. 189
Dawnfort, VA 12379",Books,14.63091936,180.9916746
670698,D,1,24.65800099,12/1/2023 21:22,PayPal,"4767 Christopher Lake Apt. 361
Johnhaven, LA 24136",Books,17.12626426,20.43500658
736766,D,9,34.9396491,12/16/2023 18:55,Debit Card,"USNS Jackson
FPO AA 77311",Electronics,10.66535065,280.918917
423547,D,9,46.50669549,6/1/2023 0:40,Cash,"8552 Bennett Point
Lake Brittany, TX 58523",Books,1.360101341,412.8674157
276714,A,2,21.22533898,3/4/2024 5:49,Cash,"Unit 4152 Box 6862
DPO AA 32838",Clothing,0.305080616,42.32116916
708509,D,7,97.58429288,11/16/2023 3:33,Credit Card,"28965 John Glen
North Ericfurt, RI 35461",Home Decor,4.252478165,654.0417949
206597,C,3,10.18029828,8/14/2023 20:44,Credit Card,"509 Hernandez Tunnel Apt. 576
Crosshaven, PA 57423",Electronics,19.77123768,24.50258193
909161,C,7,79.49066195,2/23/2024 19:12,Debit Card,"558 Brenda Hill Suite 754
Pagebury, DC 96525",Books,11.34549674,493.3043604
149072,A,9,57.38572521,5/24/2023 10:06,Credit Card,"060 Williams Neck
East Richard, PW 54196",Books,13.20918446,448.2498502
962327,B,4,17.70188529,10/24/2023 14:47,PayPal,"457 Alice Stream
Raychester, MA 96500",Electronics,13.08423528,61.54291587
819538,C,1,20.80286863,12/5/2023 9:41,Debit Card,"PSC 5089, Box 2406
APO AE 06601",Books,7.163218305,19.31271373
889340,D,2,63.09993008,4/8/2024 18:56,PayPal,"29880 Shields Mill Suite 880
South Margaret, OK 02308",Clothing,2.705989583,122.7849051
802628,A,1,38.37280519,3/10/2024 13:12,Debit Card,"050 Ashley Mission
Hornstad, NM 58384",Books,13.00777223,33.3813581
377265,B,5,50.51704631,7/27/2023 17:48,PayPal,"Unit 9796 Box 6648
DPO AA 42931",Books,17.44533972,208.5208798
154281,C,5,59.42701996,9/12/2023 1:36,Credit Card,"560 Carter Oval
Santanaborough, WI 51089",Clothing,10.10329829,267.1146544
699725,C,7,61.60133201,4/4/2024 23:39,Debit Card,"758 David Fall Suite 562
Lake Joanne, OH 23209",Books,10.60834165,385.4651657
911956,B,9,62.43495989,3/29/2024 14:30,PayPal,"1852 Regina Street
Carsonshire, VA 67329",Home Decor,15.76442488,473.3320279
53096,D,9,16.30455757,7/2/2023 6:44,Credit Card,"131 Jennifer Via Suite 457
North Brett, AS 89297",Home Decor,14.85867478,124.9372474
805603,B,3,76.64306806,5/14/2023 12:11,Credit Card,"18850 Brandon Pines Apt. 659
Shirleymouth, OH 61783",Home Decor,11.21637725,204.1394772
795656,A,3,36.41537469,10/21/2023 9:03,Credit Card,"580 Karen Parkway
Susanbury, ID 49499",Clothing,0.863774913,108.3024835
339482,B,3,20.2987796,12/6/2023 20:55,PayPal,"PSC 5669, Box 2093
APO AE 56470",Books,11.0081822,54.19275888
200487,B,4,19.19808046,7/31/2023 12:27,Credit Card,"903 Matthews Squares
West Sherry, VI 41700",Home Decor,9.741210939,69.31181978
5440,C,8,31.33140661,6/13/2023 11:15,PayPal,"797 Lauren Mission
Nicholechester, TN 52203",Clothing,2.890523697,243.406119
865688,C,6,66.58119223,3/3/2024 21:31,PayPal,"594 Zimmerman Freeway Suite 096
Lake Shawntown, MA 94046",Home Decor,18.76647633,324.5174913
981947,C,8,52.47306596,5/9/2023 1:07,Cash,"620 Vanessa Circle Suite 322
South Annport, AZ 59493",Books,9.757873116,378.8224861
226983,B,1,19.63666987,12/29/2023 7:31,Cash,"68542 Ingram Meadows Suite 933
Lake Chadmouth, SD 61719",Home Decor,5.676164826,18.52206012
724160,D,8,12.91174087,11/19/2023 2:57,Cash,"Unit 3436 Box 2527
DPO AP 61328",Books,8.921395676,94.07866701
575940,A,4,12.21991183,5/26/2023 7:41,Cash,"71783 Reed Radial Suite 546
North Brianfort, MP 69163",Clothing,12.57100046,42.73498662
851077,D,1,47.89826349,6/2/2023 19:25,Cash,"10112 Bailey Mission Suite 766
Griffintown, VI 72473",Books,8.341075167,43.90303333
689311,B,8,80.93250355,8/29/2023 20:29,Credit Card,"0590 Robert Knolls Suite 452
West Megan, WV 70014",Home Decor,13.31719899,561.236488
26097,D,4,61.62665949,4/22/2024 1:28,Debit Card,"3168 Chavez Plain Suite 268
Elliotttown, LA 02077",Home Decor,12.80856933,214.9326643
418385,A,6,82.87105317,9/19/2023 11:15,Credit Card,"461 Chloe Islands
Clarkstad, MO 80312",Electronics,7.844128126,458.2232495
614162,A,8,38.7449729,3/21/2024 1:46,Credit Card,"4272 Moore Expressway
Randallmouth, HI 92472",Electronics,2.545105736,302.070979
968138,B,4,22.63069567,11/23/2023 10:32,Credit Card,"7108 Strong Via Suite 455
North David, MS 17754",Books,5.948704326,85.13785
180410,D,3,82.27014462,6/10/2023 1:41,Credit Card,"5706 Flores Plaza Apt. 848
East Roberttown, DE 52914",Home Decor,12.27724091,216.5089223
176795,B,9,75.5057553,5/31/2023 17:52,PayPal,"216 Gay Streets Apt. 798
Fischerberg, IA 50769",Home Decor,8.40227604,622.4539799
581410,A,3,63.0196522,11/2/2023 13:26,Credit Card,"321 Chelsey Place Suite 205
Williamtown, MS 68818",Home Decor,7.699881614,174.5016408
862686,A,9,89.89839678,7/13/2023 7:38,Cash,"496 Walter Rue Suite 559
North Michael, WA 95735",Electronics,15.65243009,682.4440177
597692,B,2,66.76120952,2/28/2024 4:22,Cash,"544 Lopez Estate Suite 806
Lake Jeffery, CO 69012",Electronics,6.19438602,125.251525
432133,D,2,57.32339543,1/12/2024 4:12,PayPal,"2718 Trujillo Union
South Christineberg, OH 13662",Electronics,17.4836099,94.60239318
925670,C,2,55.20790461,4/1/2024 15:37,PayPal,"404 Adam Radial
South Kathleen, IA 18797",Books,14.28094376,94.6473896
786158,B,6,65.56375354,12/5/2023 7:52,Debit Card,"750 Mary Circle Suite 842
South Sheryl, NV 35477",Books,4.190136668,376.899256
414615,A,3,56.49627976,10/11/2023 22:15,Debit Card,"65300 Kathy Trafficway Suite 907
Nortonborough, AZ 27817",Home Decor,7.865162152,156.1582673
951230,A,9,34.5431212,7/18/2023 17:20,Cash,"3594 Ware Lakes Suite 578
Tamarashire, MD 48919",Electronics,0.498128624,309.3394683
645918,B,4,95.84852595,3/18/2024 20:50,Cash,"786 William Ports
Georgeview, NY 01973",Books,10.42265987,343.4342404
419179,A,1,96.22554316,5/23/2023 11:34,PayPal,"17180 Shields Vista Apt. 531
New Laurentown, AL 29766",Books,17.39096736,79.49099036
783289,B,4,25.0161434,3/16/2024 12:12,PayPal,"0229 Peters Ports
Melissamouth, TX 69966",Books,5.441543998,94.61951579
761231,B,1,57.75353375,7/26/2023 3:36,Cash,"34487 Kevin Stravenue
Lake Christopher, TX 86728",Books,0.922215571,57.22092167
362503,D,5,81.06542904,10/16/2023 1:56,Debit Card,"77331 Velasquez Crest
Vanessamouth, KS 56456",Electronics,11.46826616,358.8431494
852129,C,4,14.9298201,12/13/2023 15:07,Credit Card,"11429 Williamson Manors
Richardland, ND 66770",Home Decor,2.357756999,58.3112449
96643,B,8,21.12064477,12/21/2023 8:51,PayPal,"6991 Ray View
Lake Deborah, GA 86317",Electronics,10.06954969,151.9511276
432478,B,8,59.0403695,8/22/2023 4:17,Credit Card,"PSC 6618, Box 0807
APO AA 20014",Electronics,6.977066065,439.3686713
81717,A,7,12.55054631,5/14/2023 11:27,Debit Card,"USCGC Dodson
FPO AE 93773",Clothing,2.28790436,85.8438127
620519,C,3,84.96925878,2/28/2024 12:49,PayPal,"24689 Lee Club
East Sharon, MP 78014",Home Decor,11.57986171,225.3898084
736501,D,1,88.5849277,2/10/2024 12:26,Debit Card,"82577 Christian Village Apt. 798
Jasmineside, WY 71795",Home Decor,4.905710957,84.2392072
419875,D,1,76.26794927,12/16/2023 4:49,Debit Card,"896 Steven Roads
Vegaborough, SC 76821",Books,15.97466011,64.0844036
625357,C,3,84.01245835,12/23/2023 13:32,Cash,"953 Patel Extension
Kevinborough, MD 61049",Home Decor,0.48887904,250.8052171
607188,A,6,70.45414987,4/13/2024 23:31,Credit Card,"245 Daniel Stream Apt. 624
Walshburgh, NC 43776",Home Decor,7.791760023,389.7871895
340947,B,7,22.76800116,1/9/2024 19:04,Credit Card,"593 Paula Motorway Suite 036
New Jacobville, MN 71499",Clothing,6.843799709,148.4686333
111977,C,6,12.68690731,8/22/2023 21:53,Cash,"712 Mary Shoals
Port Randall, KS 89214",Clothing,12.65040214,66.49177511
801431,D,6,86.32759923,7/29/2023 17:44,Debit Card,"898 Wallace Mews Suite 628
Lake Michaelburgh, NM 53871",Clothing,1.300670378,511.2285703
730152,B,6,73.64447357,1/2/2024 18:20,Debit Card,"Unit 5562 Box 7161
DPO AA 37929",Electronics,8.359967027,404.9269192
902909,A,3,45.86153367,5/11/2023 7:51,PayPal,"53550 Robert Groves
North Jorgeport, FL 03215",Home Decor,9.873193257,124.0006075
697666,A,6,81.71533694,9/22/2023 6:37,Credit Card,"PSC 9020, Box 8828
APO AA 80044",Books,14.52544089,419.0749438
998579,B,8,14.79519959,12/7/2023 0:03,Debit Card,"753 Gabriel Centers
Jackberg, MO 46988",Home Decor,7.430131794,109.5671741
446524,C,2,38.71771886,11/18/2023 9:38,Credit Card,"7760 Taylor Ridge
Jeremyton, UT 12269",Books,3.772922175,74.51385892
802806,C,5,40.76647825,10/31/2023 20:48,PayPal,"88886 Rodriguez Crest
Johnsonbury, GU 60480",Electronics,12.36321592,178.6321526
580124,B,1,19.4387614,3/4/2024 12:27,PayPal,"705 Kyle Park
Charlesfort, NH 90610",Home Decor,16.31538868,16.26725192
861131,C,1,76.75269149,8/30/2023 12:41,Cash,"6140 Baker Well
Port Brittanyhaven, NM 31701",Electronics,5.308225348,72.67848566
315874,D,5,79.97742021,8/12/2023 4:32,Debit Card,"483 Hamilton Rest Apt. 689
East Tracyview, TN 44273",Electronics,3.600990062,385.4872063
607150,D,3,62.4853433,3/4/2024 21:40,Debit Card,"32874 James Hills Suite 518
Lake Rickyville, MD 56105",Home Decor,6.643801092,175.0018241
918182,C,4,47.60719696,2/7/2024 0:31,Cash,"4638 Cameron Way
East Joeberg, WV 70439",Home Decor,12.34694805,166.9166443
325659,D,3,64.6347207,7/1/2023 14:45,Cash,"20565 Amy Meadow
Johnsonfurt, OH 83898",Electronics,2.066828216,189.8964962
247026,B,1,90.85442201,9/17/2023 11:54,Cash,"52640 Juarez Passage
West Elizabethtown, NH 18111",Books,16.64368875,75.7328948
405747,B,1,42.19768111,8/27/2023 0:36,Debit Card,"0329 Anthony Parkways
West Jennifer, OR 64472",Home Decor,11.80625771,37.21571413
967976,A,5,40.08224626,5/4/2023 2:09,Cash,"42575 Garcia Tunnel
Ryanchester, NE 11165",Home Decor,18.70554248,162.9232233
591053,C,6,66.04556861,2/12/2024 16:53,PayPal,"836 Larry Villages Apt. 084
Karenberg, FM 55639",Books,12.79419488,345.5734191
403949,D,3,71.5274368,10/13/2023 15:04,Cash,"7231 William Rapid Apt. 731
Phillipshire, VA 02244",Electronics,2.979097639,208.1896939
780655,C,9,51.19738926,10/14/2023 7:25,Debit Card,"161 Erin Cliffs
South Alyssa, WA 75895",Books,6.265948833,431.9044834
542627,A,5,87.36079116,5/6/2023 10:45,Credit Card,"77305 Dylan Ways
Andersonshire, MT 82999",Books,7.950738073,402.0748174
47782,C,8,41.70594997,2/11/2024 18:10,Debit Card,"7360 Paul Prairie Apt. 074
Katherineshire, NH 04873",Home Decor,2.597474043,324.98119
208169,B,1,67.68255405,7/4/2023 18:23,Cash,"81523 Eric Tunnel Suite 514
West David, KY 97288",Books,3.902409214,65.04130382
749246,A,5,70.10162803,11/13/2023 6:39,Cash,"USNS Baldwin
FPO AP 26309",Books,7.649603176,323.6956583
7454,D,3,36.53376378,10/31/2023 4:07,Cash,"9712 Brenda Common
West David, SC 47787",Home Decor,13.26205485,95.06590797
825043,C,1,11.69662643,1/29/2024 3:12,Cash,"24857 Jonathan Plaza Suite 543
Benjaminview, OR 07537",Home Decor,8.555662721,10.69590252
275674,B,4,84.39510308,3/9/2024 6:47,PayPal,"338 Stacey Highway
Rickyfurt, VA 94262",Clothing,8.139836193,310.1019198
736251,B,5,53.41763349,3/8/2024 17:08,Debit Card,"0626 Gibbs Isle Apt. 028
Sandyland, NV 42538",Clothing,2.178605095,261.269371
396655,D,7,18.59095783,8/31/2023 16:17,Debit Card,"45689 Sanchez Row
South Andrewburgh, NJ 08765",Clothing,9.763646213,117.4306174
53274,D,1,96.18037255,4/7/2024 20:49,Cash,"4240 Nicholas Land
Martintown, AR 14524",Books,8.553557654,87.95352893
565657,A,3,36.67843089,9/24/2023 18:43,Credit Card,"0413 Kennedy Valley Apt. 261
East Tiffany, KY 19641",Books,3.688704667,105.9764157
308665,C,2,52.70205365,6/16/2023 8:48,Debit Card,"6986 James Ridge
Port Brittany, NJ 75820",Clothing,19.93981136,84.38672714
214841,C,9,53.56602427,1/16/2024 3:43,Credit Card,"129 Moore Fort
New Maria, DE 76869",Electronics,7.086363955,447.9312675
573255,D,6,43.37199746,7/5/2023 4:55,Credit Card,"3782 Jamie Pine Apt. 184
Lake April, WY 56984",Books,17.08818288,215.7630673
46053,A,3,23.64244065,1/19/2024 10:06,PayPal,"9178 Kristin Square Suite 855
East Johnborough, IA 66321",Clothing,18.06540778,58.11401201
533191,B,8,73.38623648,11/20/2023 14:52,Cash,"77371 Davis Fall
Port Anthonyland, FM 54104",Books,16.62283867,489.4988863
362991,D,8,27.59375726,4/28/2024 11:05,Debit Card,"75657 Makayla Loaf
West Yolanda, DC 13302",Electronics,5.734294618,208.0915993
8745,C,2,71.40930943,3/28/2024 17:49,Debit Card,"1622 Bradley Roads
Tarastad, MH 45724",Electronics,5.987991613,134.266652
72046,B,6,82.18971796,8/1/2023 9:51,Debit Card,"PSC 1189, Box 8298
APO AA 57654",Home Decor,16.92529221,409.6732082
985319,D,7,12.08188895,7/25/2023 13:43,Cash,"5844 Mathews Spurs
Martinezville, VI 33006",Books,13.24572727,73.37088422
857329,D,2,75.86061776,8/6/2023 15:17,Cash,"502 White Crescent Apt. 070
Shanefurt, ME 42571",Electronics,9.741656457,136.941074
249196,B,2,67.42298511,8/21/2023 17:29,Cash,"7520 Taylor Burgs Suite 572
Smithbury, WY 16743",Clothing,10.22370311,121.0597186
782042,D,1,27.61959148,9/15/2023 19:55,PayPal,"6069 Jacqueline Shore
Rodriguezshire, AZ 09637",Home Decor,10.22385177,24.79580538
173636,B,8,65.81738229,4/2/2024 10:43,Credit Card,"6186 Stewart Plains Suite 425
South Shelly, RI 31895",Books,1.394822333,519.1947739
177735,C,1,47.86944763,12/29/2023 18:23,Debit Card,"38467 Andrew Station Suite 703
Alexanderton, OK 76003",Electronics,14.43713233,40.95847213
535033,B,9,17.61327679,6/2/2023 13:18,Cash,"15277 Jennifer Ports Suite 779
Port Jason, IA 83022",Books,13.06162356,137.8142719
987875,D,6,57.13193947,11/16/2023 17:33,PayPal,"Unit 2920 Box 6926
DPO AA 01968",Home Decor,6.002344008,322.2161036
273092,A,7,97.59568989,1/1/2024 0:44,PayPal,"0513 John Islands Suite 477
Lake Abigailborough, MS 69968",Electronics,2.70379818,664.6982958
127821,C,7,68.39291902,5/18/2023 10:32,Cash,"2905 Arnold Trace Suite 386
Lisabury, WA 63578",Books,14.68025411,408.468653
858490,C,3,39.74902304,11/9/2023 20:20,PayPal,"86712 Gerald Throughway
Edwardsshire, WA 59067",Clothing,2.482519109,116.2867378
306808,B,2,60.71514794,10/7/2023 4:00,Debit Card,"PSC 5356, Box 6091
APO AP 26820",Home Decor,14.87279888,103.3702122
916450,C,9,76.40211399,10/12/2023 12:27,Debit Card,"865 Kyle Oval
Mcintyretown, AK 92585",Electronics,14.12558824,590.4887936
957744,A,8,24.0617784,1/24/2024 23:25,Debit Card,"6723 Michelle Grove Apt. 665
Davischester, ID 97158",Clothing,2.982324879,186.7534239
347817,B,7,57.59457961,2/25/2024 4:25,PayPal,"3746 Sara Crossroad
South Gregoryshire, WV 83085",Books,12.17447302,354.0792014
355438,D,9,55.61784107,10/16/2023 23:19,Credit Card,"65975 Jenna Radial Apt. 579
Ellenshire, MO 00568",Books,12.35742427,438.7041763
441626,A,4,43.89024316,1/21/2024 5:06,Cash,"535 James Corners Apt. 559
Port Jason, CT 03834",Home Decor,10.61645138,156.9226273
444284,B,4,77.23590364,12/12/2023 4:12,Cash,"461 Juan Circles Apt. 008
Nicholsonland, WY 07787",Home Decor,6.994769144,287.3337219
338588,C,1,60.85096744,12/13/2023 10:56,Cash,"23905 Timothy Neck
East James, MA 94791",Books,14.36787521,52.10797637
443604,D,8,72.90064153,1/26/2024 18:04,Credit Card,"7360 Elizabeth Estates Suite 497
Josephfort, AL 98540",Home Decor,18.99235933,472.4407179
101654,A,3,63.63651333,7/1/2023 12:23,Credit Card,"7718 West Field Suite 740
Port Blaketown, IN 12422",Electronics,0.295840335,190.3447526
701767,D,7,80.28457772,12/4/2023 6:57,Credit Card,"5703 Katherine Fields Suite 242
North Janeburgh, WY 24870",Clothing,11.34169274,498.2526332
422955,A,2,67.05380013,7/21/2023 14:45,PayPal,"27345 Novak Underpass
North Nicolasfurt, ND 37841",Clothing,10.49394333,120.0344247
371389,C,2,70.99672807,2/21/2024 17:26,Debit Card,"942 Gary Trace
Jonesside, KS 46270",Home Decor,7.944436912,130.7128756
301008,B,7,30.29483383,6/8/2023 16:09,PayPal,"7336 David Spurs
Joshuabury, SC 76611",Books,14.15510808,182.0459715
757743,B,6,86.12817774,3/8/2024 1:35,Credit Card,"6558 Saunders Court Suite 202
Cameronborough, OR 36796",Books,16.74172354,430.253018
872355,D,3,23.98362027,3/19/2024 0:31,Credit Card,"2710 Sheppard Parkway Apt. 891
Lake Andrea, NE 37227",Books,4.097102328,69.00296042
669575,C,9,40.58346826,11/1/2023 14:55,Credit Card,"63511 Swanson Village
North Jennifer, MH 66288",Books,9.276411749,331.3690078
641655,C,6,90.04652923,3/2/2024 0:39,Cash,"319 Ashley Island Suite 438
Port Daniel, CT 27327",Home Decor,1.862681708,530.215494
980553,C,6,19.77268987,1/20/2024 14:08,PayPal,"41221 Pham Loop Apt. 447
Mullinsville, MT 28483",Home Decor,15.45199653,100.3044871
185493,B,1,88.0010994,1/31/2024 4:51,Cash,"6085 Alvarez Square
Curtisport, SC 98654",Home Decor,19.29523943,71.02107657
517250,B,4,52.7828757,3/19/2024 1:21,Credit Card,"935 Michael Cliffs Suite 387
Stoneborough, GU 30477",Home Decor,19.27881292,170.4278553
261536,A,6,26.52280074,12/17/2023 5:27,Debit Card,"309 Vasquez Track Apt. 387
New Heatherfort, PA 44498",Books,1.293961431,157.0776356
890389,D,6,76.34741802,3/19/2024 0:32,Credit Card,"61671 Wheeler Pines Suite 404
North Robert, NE 61046",Home Decor,19.6789723,367.9381847
179348,A,5,35.54936471,3/21/2024 22:15,Debit Card,"PSC 5006, Box 1604
APO AE 75521",Electronics,9.49005323,160.8785554
518701,C,1,71.01182763,8/31/2023 22:16,PayPal,"39733 John Bridge
Thomasshire, NV 65673",Electronics,12.33072776,62.25555249
6581,A,8,81.18060168,8/30/2023 15:36,Cash,"660 Hill Squares Apt. 849
Williamhaven, AZ 04414",Home Decor,9.329923315,588.8521104
912701,B,5,61.23959324,4/28/2024 6:51,PayPal,"361 Orozco Light
Port Tommouth, MP 76657",Clothing,15.46268456,258.8515405
388384,A,5,80.7398779,10/31/2023 4:14,Cash,"02717 Mitchell Glen Apt. 034
Garzafort, NV 04549",Clothing,8.807598438,368.1431684
729098,C,7,94.15416372,7/19/2023 13:00,Debit Card,"17774 Barnett Plains Apt. 207
Amyhaven, MS 56855",Home Decor,3.952192053,633.0310724
104515,D,4,59.5361578,6/13/2023 3:31,Debit Card,"1376 Bailey Common Apt. 099
Diazbury, MT 74853",Clothing,19.97278783,190.5805093
291028,B,6,23.71316974,7/18/2023 5:46,PayPal,"45595 Jeremy Mill
North Amberfort, WA 10639",Books,17.93716581,116.758195
861693,C,4,73.86415115,4/1/2024 2:13,PayPal,"5427 Anna Land Suite 667
Brownhaven, RI 44571",Electronics,0.474248444,294.0554063
863251,C,3,46.90662256,7/12/2023 17:51,Cash,"7750 Sarah Pine Suite 978
North Christopher, ID 51511",Books,10.290627,126.238911
280919,B,7,57.81725164,8/24/2023 13:59,Credit Card,"USCGC Park
FPO AA 21236",Clothing,16.87796865,336.4121182
777763,B,8,66.41338252,5/20/2023 23:45,Credit Card,"35163 Conley Prairie
Cookstad, PW 55527",Books,3.343565852,513.5424588
396017,C,4,74.5743394,12/21/2023 2:54,Credit Card,"4537 Roger Viaduct
Port Matthew, HI 69875",Clothing,18.68198558,242.5694883
513489,B,2,67.58133686,11/4/2023 22:42,PayPal,"USS Ramirez
FPO AE 06933",Clothing,9.239428763,122.6744148
417217,A,3,30.95832318,9/4/2023 21:45,Credit Card,"Unit 5782 Box 1590
DPO AE 99551",Books,6.79734177,86.56194043
733277,A,1,77.33493224,4/12/2024 13:34,Cash,"28554 Christina Run Apt. 681
Angelafurt, CT 56202",Books,17.8762832,63.51032074
292251,C,8,82.66078839,7/10/2023 3:26,Cash,"2957 Leslie Pines Apt. 241
Garciaberg, VT 38350",Electronics,10.36354996,592.7535703
797396,C,3,13.39060697,1/25/2024 5:53,Cash,"95549 Kimberly Drive
Cameronport, LA 94325",Clothing,3.277027571,38.85537927
300917,A,7,37.7328991,8/10/2023 5:46,Credit Card,"33341 Amy Island Suite 539
Riversbury, SD 20114",Books,4.166108024,253.1263404
192560,D,5,98.00185161,10/12/2023 4:55,Credit Card,"0312 Michael Rapid
Douglasland, VA 93822",Books,15.78237052,412.6741814
922005,A,5,25.99544971,2/19/2024 20:57,Credit Card,"615 Carpenter Ranch Apt. 631
Juliaton, AS 22180",Home Decor,2.435012005,126.8122869
308377,D,7,26.45382107,10/2/2023 12:58,PayPal,"4320 Dean Streets Apt. 313
Santiagoview, MI 44699",Books,18.28540035,151.3164379
956331,B,9,63.21920468,11/2/2023 14:06,Cash,"385 Tina Ways Apt. 222
Bakerfurt, MN 29565",Books,17.7597145,467.9248897
920365,B,5,40.43456325,4/5/2024 4:48,Credit Card,"545 Andrea Ports Suite 101
Port Joshua, LA 70217",Books,3.60170816,194.8911414
899572,B,1,69.14090097,11/26/2023 10:32,Debit Card,"988 Krystal Dale Suite 760
Jonesside, ME 87786",Clothing,16.21940645,57.92665721
345644,D,1,33.63806006,2/5/2024 21:10,PayPal,"28903 Jessica Cape
Codychester, DE 89077",Clothing,3.671651161,32.40298784
575533,D,2,48.34006814,7/4/2023 22:41,Debit Card,"49061 Brian Fields Suite 376
West Gregory, MA 51662",Home Decor,3.809891834,92.99672767
83734,B,6,99.85892545,12/23/2023 18:59,PayPal,"8068 Tracy Cliffs Apt. 638
North Traciville, NH 65031",Electronics,0.458699413,596.4052389
516337,B,9,43.60966726,7/3/2023 16:00,PayPal,"USNS Wilcox
FPO AP 04900",Clothing,0.419468048,390.8406478
544547,D,8,17.75492474,9/30/2023 2:09,Cash,"6581 Cody Glen
Smithmouth, LA 05373",Electronics,16.38602567,118.7647857
867803,A,5,76.81925433,11/14/2023 6:17,PayPal,"USCGC Martinez
FPO AP 84056",Books,11.20423015,341.0612414
367823,D,1,62.97186572,10/24/2023 1:57,PayPal,"594 Tina Courts Suite 499
Port Johnathan, IA 49170",Clothing,10.56383174,56.31962378
636002,B,7,50.01212997,11/29/2023 11:23,Debit Card,"51260 Brian Lakes Suite 809
Katherinemouth, ND 40328",Home Decor,13.28852074,303.5638039
888297,C,5,91.78488433,1/27/2024 7:33,Debit Card,"PSC 1027, Box 5599
APO AA 73712",Home Decor,18.83586612,372.482032
589022,B,6,23.19645922,12/3/2023 5:51,Credit Card,"76819 Torres Burg
Campbellborough, CT 38637",Electronics,12.68891638,121.5184794
802811,C,7,54.07595666,1/25/2024 12:17,PayPal,"372 Daniel Lights
New Jermainefort, KS 49854",Clothing,9.193841796,343.7300913
705690,A,3,27.26071509,9/1/2023 8:40,PayPal,"16319 Lori Expressway
Brenthaven, MD 62217",Clothing,10.4472124,73.23819086
980389,C,3,17.51451463,6/4/2023 10:54,Debit Card,"01530 Henry Row
Frostbury, MD 68209",Books,13.00954121,45.70786989
317698,B,5,49.81183495,10/28/2023 2:52,Credit Card,"03798 Smith Tunnel Apt. 186
Cruztown, NM 64549",Home Decor,7.227353661,231.0587874
216454,D,6,95.26122858,9/1/2023 5:04,Credit Card,"20893 Michael Parkways Suite 418
Lake Rachelside, MP 16786",Books,8.687971368,521.9097619
407043,D,9,74.98602744,2/3/2024 3:08,Debit Card,"30872 Richardson Prairie
South Tyler, CA 54133",Electronics,2.048333702,661.0505703
106136,C,5,31.10595494,6/1/2023 18:33,Debit Card,"8677 Kelly Ports
Heatherview, AL 35784",Books,8.872622477,141.7302049
606023,A,1,51.63606692,1/25/2024 21:14,PayPal,"8605 Andrew Gateway Apt. 683
Waynechester, KS 20322",Electronics,19.70916301,41.45903032
496490,A,4,81.77065774,2/3/2024 15:51,Debit Card,"9983 Monica Gateway
South Dawn, UT 62425",Books,5.071832932,310.4935464
601467,B,5,27.58722188,11/6/2023 11:39,Debit Card,"30777 Gomez Mall
West Amy, WV 48655",Home Decor,8.86963081,125.7016858
466103,C,5,28.33269011,8/8/2023 0:31,Debit Card,"PSC 8435, Box 1884
APO AE 57197",Electronics,14.7703147,120.7393131
86170,B,7,26.292736,4/22/2024 1:44,Cash,"97808 Claire Corners Apt. 756
Hunterstad, TN 05815",Home Decor,4.693633775,175.4105589
76217,D,4,64.66987698,3/31/2024 16:24,Cash,"Unit 2057 Box 7103
DPO AA 70374",Books,19.28813761,208.7850485
654823,B,1,12.60558433,1/26/2024 9:17,Cash,"3019 Cook Greens
West Robertbury, SD 91756",Home Decor,14.92429827,10.72428932
550821,B,5,62.88591891,3/7/2024 15:32,Debit Card,"Unit 1847 Box 4517
DPO AA 04018",Clothing,16.21930004,263.4313152
873996,C,7,84.28327769,9/13/2023 17:13,Debit Card,"70001 Williams Trail
Codystad, WY 17373",Home Decor,10.1041783,530.3700152
161801,B,6,80.43869421,8/16/2023 14:41,Debit Card,"01913 Fernandez Shoals
Archerville, GU 69778",Clothing,5.461509578,456.2731633
373207,B,5,70.01481653,3/11/2024 17:56,PayPal,"871 Craig Rapids
Andrewsberg, TX 88292",Books,17.10321654,290.2001543
25210,A,4,29.75431181,5/17/2023 12:01,Credit Card,"739 Miller Causeway
Port Tonyhaven, TN 82997",Electronics,13.07162357,103.4597607
464629,C,2,83.47754967,3/29/2024 20:31,PayPal,"38402 Wallace Inlet
Nicholasstad, GA 81819",Clothing,18.72662119,135.6900503
445549,B,4,96.17188304,10/30/2023 16:20,Cash,"4567 Smith Wells Suite 230
Whiteville, CT 52218",Books,2.84479293,373.7439685
833220,A,3,26.54040963,12/6/2023 9:55,Credit Card,"7462 Barbara Club Apt. 476
New Charles, PA 76876",Clothing,10.42403462,71.32148442
661993,B,1,91.92954304,11/10/2023 11:34,PayPal,"028 Katie Causeway Suite 230
East Danielbury, NM 68689",Clothing,9.621314556,83.08471253
57725,C,8,86.76899984,7/20/2023 11:53,Debit Card,"7098 Williamson Hills
East Kaylahaven, VT 30317",Home Decor,6.010994054,652.4265633
138488,B,5,98.1352109,1/29/2024 18:33,Cash,"310 Larson Camp
Port Michael, NY 10911",Home Decor,8.770242829,447.642573
5979,A,4,38.73481582,9/24/2023 23:16,Cash,"6963 Jasmin Glen
Toddburgh, MH 91062",Electronics,1.882716531,152.0221962
885798,A,8,94.06643902,11/6/2023 21:11,Debit Card,"216 Sanders Plains
Lake Breannatown, NH 57099",Books,15.79702433,633.6539261
856928,A,7,26.15661708,10/14/2023 23:10,Credit Card,"69831 Kurt Cove Suite 711
Millertown, NH 57202",Books,9.537173859,165.6341052
189379,D,2,25.76592204,7/15/2023 6:52,Debit Card,"24685 Compton Ramp Suite 914
Jacobbury, MT 88299",Electronics,0.437649903,51.30631502
803559,C,1,19.6289735,8/9/2023 8:43,Cash,"1855 Guzman Trafficway Apt. 325
Lake Meaganview, RI 69295",Clothing,7.463824451,18.16390138
560633,D,4,48.49948859,8/1/2023 4:15,Credit Card,"53222 Crystal Tunnel
Lake Tracytown, VI 99324",Clothing,13.36947394,168.0614484
485080,B,8,11.0964139,1/10/2024 14:40,Cash,"922 Figueroa Curve Apt. 975
Lake Michaelchester, AK 55176",Home Decor,11.46480275,78.59385549
930934,B,2,44.32095619,6/22/2023 11:51,Debit Card,"530 Murphy Fort
South Colleenborough, HI 47207",Clothing,12.65672597,77.42274845
198154,A,3,66.33335302,5/11/2023 9:41,PayPal,"821 Allison Trace Suite 156
Port Susan, WV 01175",Home Decor,4.607539359,189.831053
369787,C,1,17.04352946,11/23/2023 10:45,Debit Card,"429 Armstrong Trail Suite 571
North Jamesborough, WI 60556",Clothing,14.83473527,14.51516698
513041,A,1,83.66274316,4/23/2024 13:20,Credit Card,"USS Morris
FPO AA 21300",Electronics,13.65082671,72.24208707
701393,B,3,36.34481361,7/15/2023 9:30,Debit Card,"04050 Bowman Isle Apt. 218
South Shelly, VI 54639",Home Decor,10.77626912,97.28459604
111585,A,5,14.18099871,6/11/2023 15:04,Debit Card,"68684 Paul Drives Apt. 771
Gutierrezland, MH 86784",Electronics,19.01853118,57.41990525
141677,C,3,43.7150656,1/31/2024 12:05,Debit Card,"97247 Raymond Isle Suite 454
North Jodiport, MI 41160",Books,19.16871997,106.0063413
126420,A,1,22.45930403,9/28/2023 8:04,PayPal,"15832 Jessica Parkways
New Evanland, MO 95591",Home Decor,4.80755665,21.37956027
790627,B,1,81.57523051,12/16/2023 12:52,Debit Card,"70352 Jennifer Ford
Brittanyburgh, KS 08372",Home Decor,13.01520443,70.9580475
216098,C,8,40.06065704,4/25/2024 0:39,PayPal,"1333 Joanna Circles Suite 008
Moniqueshire, PR 15562",Home Decor,7.967683962,294.9500039
491410,D,2,20.53137459,3/15/2024 23:34,PayPal,"5563 Hall Crossing Apt. 109
Cameronstad, CA 03475",Books,8.004816511,37.77575146
442613,A,3,50.82938768,3/18/2024 7:00,PayPal,"9849 Wilson Orchard Suite 871
North Samuelfurt, ND 58486",Electronics,10.96210926,135.772244
209534,A,2,50.6778989,9/11/2023 15:24,Credit Card,"40061 Hodges Ferry
East Kellyburgh, SC 74011",Clothing,0.0443271,101.3108697
435541,B,3,34.80485524,5/30/2023 12:12,PayPal,"570 Cynthia Park Suite 237
Russellview, ID 79709",Home Decor,7.033919307,97.07012944
949485,B,7,39.42967875,1/12/2024 21:27,PayPal,"2831 Amy Tunnel Apt. 836
Tylerbury, WI 17362",Electronics,13.74970756,238.0574926
800058,D,1,79.19549824,12/18/2023 19:22,PayPal,"USNV Ortega
FPO AP 73093",Electronics,17.54372324,65.30165921
689344,D,8,67.48520729,1/21/2024 23:50,Cash,"3052 Robbins Mill Apt. 565
North Jenniferton, CT 24851",Home Decor,11.09123209,480.0021306
845595,B,2,29.31917531,10/17/2023 22:38,Cash,"USS Smith
FPO AA 44654",Electronics,5.712763055,55.28848058
117582,A,3,95.33659144,5/19/2023 16:46,PayPal,"USNS Taylor
FPO AE 75782",Clothing,10.84129162,255.0026206
107127,B,9,37.42517727,2/23/2024 17:41,Debit Card,"7947 Snyder Courts Apt. 232
Garciamouth, TX 27189",Books,3.143037922,326.2400078
196781,A,7,58.00954365,9/14/2023 3:14,PayPal,"3774 Gregory Well Apt. 400
North Nicholashaven, DE 17932",Home Decor,2.52481999,395.8143497
926755,C,4,61.40085365,4/9/2024 18:05,Debit Card,"97016 Smith Divide Apt. 442
Hallborough, GU 41126",Clothing,13.63663883,212.111364
259891,C,5,29.2299604,8/25/2023 11:59,PayPal,"40891 Young Route
Hamptonside, VT 83293",Clothing,1.991268125,143.2395676
390713,D,2,36.21028429,3/14/2024 17:57,Credit Card,"7582 Tracy Vista Apt. 439
New Michealtown, OK 66803",Clothing,15.63197213,61.09980548
153236,B,8,53.26243737,10/23/2023 12:42,PayPal,"Unit 4183 Box 9437
DPO AE 09174",Home Decor,8.842581784,388.4213023
560895,C,4,33.06894108,11/17/2023 14:32,Cash,"16659 Weaver Cove Suite 779
Hendersonside, MH 84948",Books,17.68244051,108.886181
168850,C,9,37.50655844,8/8/2023 4:40,PayPal,"17081 Hill Gateway Apt. 366
New Sean, CT 94539",Books,5.244414786,319.8560305
995248,D,5,65.18348547,7/28/2023 4:34,Debit Card,"56807 Ingram Passage Apt. 607
Roberthaven, LA 83678",Books,6.551581607,304.5646811
934921,D,9,76.0379029,11/2/2023 2:55,PayPal,"3452 Shelly Rest
New Davidshire, AR 91535",Home Decor,18.53496821,557.4987159
24419,C,4,82.08825103,5/10/2023 6:49,Cash,"591 Troy Cove
North Williefort, NH 02772",Books,0.247816367,327.5392916
105638,C,5,20.95478244,7/6/2023 18:36,Debit Card,"12243 Davis Prairie Suite 457
Katherineport, HI 35131",Electronics,8.829619949,95.52277394
727115,B,9,76.32977392,9/17/2023 0:40,Debit Card,"77389 Robinson Ramp
Lake Jessicastad, VA 47933",Home Decor,11.48540459,608.0669151
135071,A,8,94.27291201,2/15/2024 14:19,PayPal,"3460 Karen Path
Garnerfurt, VI 50426",Clothing,12.60533849,659.1159388
734459,C,3,62.2660307,5/29/2023 16:58,Credit Card,"97539 Jonathan Unions Apt. 323
Thomasland, MN 47192",Home Decor,9.850931613,168.3967398
246017,C,1,64.4212206,7/27/2023 16:59,Credit Card,"67056 Stewart Parkways Apt. 751
Robertside, WV 59836",Home Decor,12.71370202,56.23089857
812934,B,3,95.97911839,2/12/2024 3:13,Debit Card,"397 Black Hills Suite 764
East Manuel, VA 65704",Clothing,9.004144794,262.0110588
199263,C,4,88.24890379,8/15/2023 15:11,Debit Card,"1394 Aaron Villages Suite 687
Lake Mark, IL 84976",Home Decor,9.182079701,320.5832764
532893,B,2,60.19022734,12/21/2023 4:39,PayPal,"67697 Peterson Island
Davismouth, AR 15408",Electronics,12.27993617,105.5978117
551421,D,1,78.92645848,11/23/2023 10:39,Cash,"Unit 3006 Box 5680
DPO AA 05719",Electronics,4.496400362,75.37760892
120891,D,7,26.2809106,3/18/2024 16:37,Credit Card,"8906 Hudson Flat Apt. 397
New Daniel, GA 74844",Home Decor,15.03465499,156.3076645
618265,B,8,47.1802475,3/14/2024 18:13,Debit Card,"556 Sara Fort Apt. 704
East David, ND 49019",Electronics,15.22828881,319.9640252
393337,C,7,74.38683336,1/23/2024 15:13,PayPal,"107 Rosario Ways
North Ian, AK 08012",Electronics,5.353989061,492.8291931
273592,B,5,35.972443,2/6/2024 12:51,PayPal,"60688 Diana Pass Suite 039
East Jared, NH 22787",Home Decor,0.536509718,178.8972368
56773,A,1,50.85078695,11/13/2023 4:06,Credit Card,"785 Brennan Junction
South Audreyburgh, FL 97082",Books,9.565772432,45.98651639
193610,D,7,25.54551486,7/8/2023 16:58,Debit Card,"3768 Donna Rapid
Normanstad, MS 83469",Books,10.95011344,159.237764
23275,C,7,90.80228469,3/18/2024 20:12,Debit Card,"38040 Melody Burg Apt. 350
North Barryborough, GA 68636",Electronics,17.73467079,522.891589
240189,C,9,90.61015292,4/3/2024 20:19,Debit Card,"Unit 2580 Box 8266
DPO AE 81554",Home Decor,8.934478019,742.6314785
542331,C,3,53.05233258,11/2/2023 13:15,Debit Card,"41242 Martha Hills
Christopherborough, RI 10711",Clothing,3.595036243,153.435246
868624,B,9,27.28045665,8/9/2023 2:38,Credit Card,"9400 Charles Hollow Apt. 430
Lake Toddton, UT 26602",Books,10.07659226,220.7836464
699727,D,1,71.12901184,8/6/2023 20:47,Cash,"14100 Julie Mill
East Dianeland, SD 55484",Electronics,19.45219908,57.29285485
230280,A,1,29.21814607,1/12/2024 11:57,Credit Card,"844 Anthony Mountains Suite 791
Margaretstad, NH 73552",Books,15.61009074,24.65716696
905870,D,4,30.57351412,7/22/2023 3:05,Credit Card,"0289 Jason Port Suite 636
Lake Catherine, CA 80065",Electronics,15.81929385,102.9480003
533585,C,9,97.48418681,4/8/2024 15:56,PayPal,"USNV Watkins
FPO AP 77333",Electronics,19.42244911,706.9533322
361836,D,6,18.95872104,4/27/2024 10:37,Credit Card,"027 Manuel Cape Suite 575
Barnestown, NC 57954",Home Decor,7.663526505,105.0348866
29302,A,3,44.13176172,9/6/2023 16:05,Cash,"3979 Jill Forks
Brownville, PA 75779",Home Decor,17.9782214,108.5929677
759104,B,1,59.93872166,9/3/2023 0:36,Debit Card,"7760 Mendoza Manors Apt. 357
Lake Patty, AR 71924",Electronics,1.671889363,58.93661255
637997,C,4,19.70110056,7/7/2023 1:57,PayPal,"72744 Jeremy Forest
Joshuabury, AR 30567",Electronics,6.330352954,73.81580542
979697,D,9,13.50487889,6/13/2023 17:25,PayPal,"08181 Sarah Parkways Apt. 691
Haroldhaven, VA 28509",Books,15.51168917,102.6903964
286748,A,3,58.8104181,2/2/2024 0:20,Cash,"PSC 9766, Box 1150
APO AE 50063",Home Decor,4.651355715,168.2248091
793090,A,9,20.31033314,10/6/2023 1:17,Cash,"50793 Young Station
West Amanda, VA 24168",Home Decor,11.67799023,161.4464498
844241,B,7,32.60522305,2/16/2024 13:31,Debit Card,"49690 Stevens Heights
Schmidtland, PR 43057",Electronics,10.91404634,203.3267173
201549,C,4,54.75457179,5/3/2023 15:19,Credit Card,"620 Michael Shoal Suite 975
Port Christopherberg, MT 09382",Electronics,14.71623217,186.7870475
498121,B,3,41.274807,12/4/2023 1:08,Debit Card,"302 Michele Dam Apt. 056
Bakerberg, NV 84960",Books,2.396001358,120.8575862
748144,C,5,73.95002316,7/17/2023 15:20,Debit Card,"790 Theresa Lakes Suite 999
Tammyview, VT 61745",Clothing,13.83782361,318.584747
792551,D,5,96.62087109,7/14/2023 13:50,Debit Card,"318 Kenneth Turnpike
Antoniostad, NJ 04436",Books,12.35363765,423.4233939
690537,A,3,77.78728795,6/20/2023 15:41,Credit Card,"USNV Martin
FPO AE 89444",Home Decor,8.424208856,213.7029731
493138,D,9,99.99928381,9/27/2023 23:40,Credit Card,"766 Bryant Lock
North Ashley, MP 73093",Clothing,2.093143254,881.1553999
420832,B,4,45.00214296,4/19/2024 15:11,Cash,"Unit 8885 Box 2181
DPO AA 98761",Clothing,2.188974939,176.0682293
163532,D,5,37.47147882,1/6/2024 16:53,Cash,"05381 Melissa Station Suite 619
Lake Paulborough, OH 74450",Books,18.62093954,152.469687
256865,D,4,29.13267632,12/5/2023 3:57,PayPal,"2401 Gwendolyn Light
Fisherland, ME 50641",Books,1.117556608,115.2284087
669959,D,5,89.63901912,11/5/2023 13:30,Credit Card,"601 Kelly Station Suite 121
Davismouth, MS 41804",Books,9.843656272,404.076311
456263,D,7,45.09421533,9/8/2023 11:07,Credit Card,"81081 Jennifer Coves Suite 242
East Katiefurt, AS 41391",Clothing,3.871505114,303.4387333
109603,D,9,73.98477883,12/2/2023 3:56,Cash,"3799 Wagner Ridges
Scottfort, WA 58640",Electronics,7.165427223,618.1510801
765714,D,7,70.7299351,8/25/2023 0:33,Debit Card,"95073 Andre Junctions
East Tracyborough, OR 32693",Electronics,19.87034796,396.7295562
325272,D,5,15.13671944,9/27/2023 15:06,Cash,"82483 Sutton Mission Suite 458
North Christian, NH 45854",Electronics,6.480418519,70.77898336
660317,C,7,89.16815915,8/30/2023 21:32,PayPal,"91934 Gill Spur
Lake Elizabethburgh, WI 98160",Books,8.584993994,570.5915463
921096,B,5,53.78815946,6/7/2023 17:50,Cash,"6417 Stephanie Prairie
South Todd, CA 45167",Clothing,16.77772939,223.8186381
645229,A,3,30.11933872,10/14/2023 6:25,Cash,"97429 Meyer Roads Apt. 664
East Chadfort, MT 95746",Home Decor,3.782117823,86.94056954
779845,D,7,98.11782216,2/14/2024 16:00,PayPal,"Unit 1552 Box 3800
DPO AE 55171",Clothing,6.521791861,642.0314742
852617,A,2,77.78406915,6/10/2023 16:25,Debit Card,"765 Jody Court Apt. 253
Dustinborough, AZ 21074",Books,14.54252083,132.9446094
334586,A,9,65.50604626,3/3/2024 12:05,Credit Card,"942 Powell Union
Josephview, WA 88424",Books,10.8785998,525.4191508
404123,C,1,98.95385512,8/27/2023 16:47,Cash,"PSC 3995, Box 4386
APO AE 07299",Electronics,16.92772201,82.20322161
643411,B,6,78.09280667,3/17/2024 8:29,Credit Card,"9587 Martinez Falls
East Danaberg, NV 43087",Home Decor,2.942197594,454.770972
604160,B,7,20.90297458,4/21/2024 1:41,Debit Card,"870 Collins Springs
New Linda, WI 23611",Home Decor,9.88212203,131.8612199
957945,A,8,99.20324128,7/15/2023 6:32,Credit Card,"17530 Knight Green
New Elizabeth, NE 89716",Clothing,19.63955105,637.7613605
121166,C,9,63.78409094,8/13/2023 17:20,Debit Card,"754 Ingram Stream
East Brittany, DC 77910",Electronics,9.347182154,520.398682
340801,B,2,36.94918673,6/29/2023 6:35,Debit Card,"529 Holly Ford Suite 612
West Megan, NE 65696",Electronics,4.944030021,70.24481569
283132,D,2,83.5768564,9/12/2023 14:09,Debit Card,"195 Michael Lights Apt. 858
Michellefort, GU 69561",Clothing,18.77889011,135.7641007
248992,D,5,14.31278077,9/13/2023 2:45,Debit Card,"273 Bonilla Shore Apt. 525
Lake Ericbury, UT 23970",Clothing,19.13514168,57.87004947
985239,B,5,68.89298073,1/24/2024 5:46,Cash,"Unit 9881 Box 6413
DPO AE 93127",Home Decor,16.68812202,286.9801802
835677,C,6,24.33458173,5/21/2023 2:16,Credit Card,"07584 Williams Freeway Suite 096
West Rhonda, PR 22219",Clothing,4.759585848,139.0581385
780890,A,3,17.8788447,7/3/2023 18:47,PayPal,"Unit 8709 Box 7635
DPO AP 31195",Clothing,2.511410196,52.2895007
989916,C,8,41.85856343,11/1/2023 8:44,Cash,"8632 Torres Ford
North Jay, IN 37825",Electronics,2.365451519,326.9473552
705385,A,1,42.07271127,5/12/2023 23:41,Cash,"85105 Andersen Radial Suite 140
Port Ricky, RI 44105",Books,7.016361829,39.12073762
558604,C,6,64.04739653,1/29/2024 22:04,Debit Card,"799 Wells Drive
Jonesville, KY 16571",Electronics,19.01620705,311.208066
444661,C,4,60.88911781,10/4/2023 17:45,Credit Card,"15839 Gonzalez Hills
North Alan, OR 40968",Clothing,8.806800824,222.1069379
953640,B,1,71.91531341,7/22/2023 19:10,Debit Card,"30912 Daniel Estates
Guzmanchester, MH 40218",Home Decor,19.44488477,57.93146359
246637,A,7,25.66969932,12/12/2023 5:25,PayPal,"29389 Tommy Lights Suite 702
South Crystal, CT 05932",Electronics,6.614202119,167.8029747
587590,D,9,88.37770618,8/25/2023 23:40,PayPal,"8711 Jonathon Vista Apt. 368
Loriburgh, WI 89346",Books,3.986389571,763.6916386
367759,C,4,87.28064162,9/8/2023 12:11,Cash,"0468 Harper Hills
Harrischester, AZ 24084",Clothing,1.997565696,342.1486139
422178,D,4,29.46452647,1/20/2024 7:24,PayPal,"896 Joy Corners Suite 259
Melendezstad, UT 39567",Books,13.69228792,101.7206347
70385,B,6,52.62166852,9/13/2023 8:01,PayPal,"109 Turner Parkways
South Kurt, MA 62805",Clothing,8.339486494,289.3997495
